event,description,date
Climate Change Conference,"An international gathering aiming to address the pressing issues of climate change through dialogue and innovation. Experts, activists, and policymakers from around the world will convene to share insights, propose solutions, and forge collaborative efforts. The conference will feature keynote speeches, workshops, and panel discussions, focusing on sustainable practices, renewable energy solutions, and global policy reforms.",31/07/24
International Technology Innovation Fair,"This fair is a premier event for showcasing cutting-edge technological advances across various sectors, including artificial intelligence, robotics, and biotechnology. Leading innovators, tech companies, and startups will present their latest products and services, aiming to bridge the gap between invention and application. The event includes product demonstrations, networking opportunities, and investor meetings.",03/08/24
Charity Concert for Reforestation,"A charity concert featuring renowned international artists, aimed at raising awareness and funds for global reforestation efforts. The event will combine live music performances with educational segments about the importance of trees for our ecosystem. All proceeds will go towards planting trees around the world, supporting biodiversity, and combating climate change.",25/06/24
Medical Research Marathon,"A marathon event organized to support medical research for rare diseases. Participants will run to raise funds and awareness for cutting-edge research projects. The marathon aims to bring together communities, healthcare professionals, and researchers in a collective effort to address challenging medical conditions.",25/07/24
International Science Fiction Film Festival,"Celebrating the imagination and creativity of science fiction cinema, this festival showcases both new and classic sci-fi films. It features screenings, Q&A sessions with filmmakers, and panel discussions on the genre's impact on culture and society.",24/08/24
Global Entrepreneurship Summit,"A platform for entrepreneurs worldwide to network, share ideas, and find investment opportunities. The summit will cover the latest trends in innovation and business growth, with workshops, pitch sessions, and keynote speeches.",23/09/24
International Art Biennale,"An exhibition showcasing contemporary art from around the world, including installations, paintings, and multimedia works. The Biennale serves as a gathering place for artists, collectors, and art enthusiasts to celebrate creativity and exchange ideas.",23/10/24
World Literature Festival,"A gathering of authors, poets, and literary scholars to discuss the impact of literature on society and culture. The festival will feature panels, readings, and book signings, allowing attendees to engage with the literary world.",22/11/24
Global Health Conference,"Healthcare professionals will discuss global health challenges, including pandemics, healthcare equity, and innovations in medical technology. The conference aims to promote collaboration and share best practices.",22/12/24
International Education Expo,"An event for educators, students, and institutions to explore advancements in educational technology, curriculum development, and global education trends.",21/01/25
Sustainable Agriculture Symposium,"Farmers, scientists, and industry experts will explore sustainable farming practices, the impact of climate change on agriculture, and innovations in food security.",20/02/25
Renewable Energy Forum,"A forum dedicated to discussing the transition to renewable energy sources, featuring case studies, technological advancements, and policy discussions.",22/03/25
Global Water Resources Workshop,"Experts will discuss water conservation strategies, the impact of climate change on water resources, and solutions for ensuring clean and accessible water worldwide.",21/04/25
International Cybersecurity Conference,"Cybersecurity professionals will address the latest threats, data protection strategies, and the importance of cybersecurity in the digital age.",21/05/25
World Peace Forum,"Leaders and activists will discuss strategies for conflict resolution, peacebuilding, and fostering global cooperation and understanding.",20/06/25
